Workbook

Sheet Método
A1: Semilla (random.Random) | B1: 42
A2: Porcentaje a revisar | B2: 0.05
A3: Generador | B3: Python random.Random(seed) (Mersenne Twister), un generador por dataset: Random(f'{seed}-{dataset}')
A4: Unidad | B4: Cada archivo .ale es un ejercicio
A5: Procedimiento | B5: 1) listar ejercicios en orden alfabético; 2) asignar random() a cada uno; 3) ordenar por ese número; 4) revisar los primeros ceil(N × porcentaje)
A6: Reproducir | B6: python3 concurrency_validation/make_sampling_sheet.py --seed 42 --pct 5
A8: Dataset | B8: Total ejercicios / a revisar
A9: ClassExamples | B9: 56 / 3
A10: DataRaceBench | B10: 60 / 3
A11: DeepRace | B11: 96 / 5
A12: SCTBench | B12: 48 / 3

Sheet ClassExamples
A1: Posición | B1: Ejercicio | C1: Aleatorio [0,1) | D1: Revisar | E1: Revisado | F1: Notas
A2: 1 | B2: dancing_pairs/0008.ale | C2: 0.033118529 | D2: =IF(A2<=ROUNDUP(COUNTA($B$2:$B$57)*Método!$B$2,0),"SÍ","")
A3: 2 | B3: prod_cons_bound/0002.ale | C3: 0.034339308 | D3: =IF(A3<=ROUNDUP(COUNTA($B$2:$B$57)*Método!$B$2,0),"SÍ","")
A4: 3 | B4: taskc_patterns/0004.ale | C4: 0.040069358 | D4: =IF(A4<=ROUNDUP(COUNTA($B$2:$B$57)*Método!$B$2,0),"SÍ","")
A5: 4 | B5: build_h2o/0003.ale | C5: 0.042504972 | D5: =IF(A5<=ROUNDUP(COUNTA($B$2:$B$57)*Método!$B$2,0),"SÍ","")
A6: 5 | B6: dancing_pairs/0001.ale | C6: 0.13267189 | D6: =IF(A6<=ROUNDUP(COUNTA($B$2:$B$57)*Método!$B$2,0),"SÍ","")
A7: 6 | B7: prod_cons_unbound/0002.ale | C7: 0.13352404 | D7: =IF(A7<=ROUNDUP(COUNTA($B$2:$B$57)*Método!$B$2,0),"SÍ","")
A8: 7 | B8: dancing_pairs/0007.ale | C8: 0.1758283 | D8: =IF(A8<=ROUNDUP(COUNTA($B$2:$B$57)*Método!$B$2,0),"SÍ","")
A9: 8 | B9: dancing_pairs/0005.ale | C9: 0.17802511 | D9: =IF(A9<=ROUNDUP(COUNTA($B$2:$B$57)*Método!$B$2,0),"SÍ","")
A10: 9 | B10: dining_philosophers/0003.ale | C10: 0.18532858 | D10: =IF(A10<=ROUNDUP(COUNTA($B$2:$B$57)*Método!$B$2,0),"SÍ","")
A11: 10 | B11: prod_cons_unbound/0004.ale | C11: 0.20163107 | D11: =IF(A11<=ROUNDUP(COUNTA($B$2:$B$57)*Método!$B$2,0),"SÍ","")
A12: 11 | B12: build_h2o/0006.ale | C12: 0.23934277 | D12: =IF(A12<=ROUNDUP(COUNTA($B$2:$B$57)*Método!$B$2,0),"SÍ","")
A13: 12 | B13: network_simul_packet_loss_fix/0004.ale | C13: 0.26158746 | D13: =IF(A13<=ROUNDUP(COUNTA($B$2:$B$57)*Método!$B$2,0),"SÍ","")
... A57: 56 | B57: network_simul_packet_loss_fix/0002.ale | C57: 0.9951709 | D57: =IF(A57<=ROUNDUP(COUNTA($B$2:$B$57)*Método!$B$2,0),"SÍ","")

Sheet DataRaceBench
A1: Posición | B1: Ejercicio | C1: Aleatorio [0,1) | D1: Revisar | E1: Revisado | F1: Notas
A2: 1 | B2: Y1/DRB169-missingsyncwrite-orig-yes.ale | C2: 0.022152562 | D2: =IF(A2<=ROUNDUP(COUNTA($B$2:$B$61)*Método!$B$2,0),"SÍ","")
A3: 2 | B3: Y2/DRB010-lastprivatemissing-var-yes.ale | C3: 0.030606695 | D3: =IF(A3<=ROUNDUP(COUNTA($B$2:$B$61)*Método!$B$2,0),"SÍ","")
A4: 3 | B4: Y2/DRB020-privatemissing-orig-yes.ale | C4: 0.037148574 | D4: =IF(A4<=ROUNDUP(COUNTA($B$2:$B$61)*Método!$B$2,0),"SÍ","")
A5: 4 | B5: N3/DRB172-critical2-orig-no.ale | C5: 0.063000805 | D5: =IF(A5<=ROUNDUP(COUNTA($B$2:$B$61)*Método!$B$2,0),"SÍ","")
A6: 5 | B6: N1/DRB103-master-orig-no.ale | C6: 0.075124125 | D6: =IF(A6<=ROUNDUP(COUNTA($B$2:$B$61)*Método!$B$2,0),"SÍ","")
A7: 6 | B7: Y3/DRB140-reduction-barrier-orig-yes.ale | C7: 0.096049044 | D7: =IF(A7<=ROUNDUP(COUNTA($B$2:$B$61)*Método!$B$2,0),"SÍ","")
A8: 7 | B8: Y2/DRB191-critical-section2-yes.ale | C8: 0.1022384 | D8: =IF(A8<=ROUNDUP(COUNTA($B$2:$B$61)*Método!$B$2,0),"SÍ","")
A9: 8 | B9: Y1/DRB003-antidep2-orig-yes.ale | C9: 0.11088367 | D9: =IF(A9<=ROUNDUP(COUNTA($B$2:$B$61)*Método!$B$2,0),"SÍ","")
A10: 9 | B10: Y1/DRB001-antidep1-orig-yes.ale | C10: 0.11344351 | D10: =IF(A10<=ROUNDUP(COUNTA($B$2:$B$61)*Método!$B$2,0),"SÍ","")
A11: 10 | B11: N2/DRB094-doall2-ordered-orig-no.ale | C11: 0.11406526 | D11: =IF(A11<=ROUNDUP(COUNTA($B$2:$B$61)*Método!$B$2,0),"SÍ","")
A12: 11 | B12: Y1/DRB030-truedep1-var-yes.ale | C12: 0.14236772 | D12: =IF(A12<=ROUNDUP(COUNTA($B$2:$B$61)*Método!$B$2,0),"SÍ","")
A13: 12 | B13: N1/DRB046-doall2-orig-no.ale | C13: 0.14648964 | D13: =IF(A13<=ROUNDUP(COUNTA($B$2:$B$61)*Método!$B$2,0),"SÍ","")
... A61: 60 | B61: Y1/DRB075-getthreadnum-orig-yes.ale | C61: 0.99263755 | D61: =IF(A61<=ROUNDUP(COUNTA($B$2:$B$61)*Método!$B$2,0),"SÍ","")

Sheet DeepRace
A1: Posición | B1: Ejercicio | C1: Aleatorio [0,1) | D1: Revisar | E1: Revisado | F1: Notas
A2: 1 | B2: OMP_Private/with_datarace/isum-nolock-yes.ale | C2: 0.00057812143 | D2: =IF(A2<=ROUNDUP(COUNTA($B$2:$B$97)*Método!$B$2,0),"SÍ","")
A3: 2 | B3: OMP_Critical/with_datarace/fetch-increment-nolock-yes.ale | C3: 0.025756627 | D3: =IF(A3<=ROUNDUP(COUNTA($B$2:$B$97)*Método!$B$2,0),"SÍ","")
A4: 3 | B4: POSIX_Lock_Primitives/without_datarace/counter-mutex-no.ale | C4: 0.028799926 | D4: =IF(A4<=ROUNDUP(COUNTA($B$2:$B$97)*Método!$B$2,0),"SÍ","")
A5: 4 | B5: POSIX_Lock_Primitives/without_datarace/circular-buffer-cond-no.ale | C5: 0.031434386 | D5: =IF(A5<=ROUNDUP(COUNTA($B$2:$B$97)*Método!$B$2,0),"SÍ","")
A6: 5 | B6: OMP_Critical/with_datarace/shared-a-pfor-yes.ale | C6: 0.033675569 | D6: =IF(A6<=ROUNDUP(COUNTA($B$2:$B$97)*Método!$B$2,0),"SÍ","")
A7: 6 | B7: POSIX_Lock_Primitives/without_datarace/count-threshold-outer-cond-yes.ale | C7: 0.036222671 | D7: =IF(A7<=ROUNDUP(COUNTA($B$2:$B$97)*Método!$B$2,0),"SÍ","")
A8: 7 | B8: OMP_Critical/with_datarace/parallel-increment-yes.ale | C8: 0.054852873 | D8: =IF(A8<=ROUNDUP(COUNTA($B$2:$B$97)*Método!$B$2,0),"SÍ","")
A9: 8 | B9: OMP_Private/without_datarace/matrix_part1_-_main.ale | C9: 0.064377787 | D9: =IF(A9<=ROUNDUP(COUNTA($B$2:$B$97)*Método!$B$2,0),"SÍ","")
A10: 9 | B10: POSIX_Lock_Primitives/with_datarace/flag-nolock-yes.ale | C10: 0.12093212 | D10: =IF(A10<=ROUNDUP(COUNTA($B$2:$B$97)*Método!$B$2,0),"SÍ","")
A11: 10 | B11: OMP_Private/without_datarace/local-myid-pfor-no.ale | C11: 0.12918584 | D11: =IF(A11<=ROUNDUP(COUNTA($B$2:$B$97)*Método!$B$2,0),"SÍ","")
A12: 11 | B12: OMP_Critical/without_datarace/critical-id-no.ale | C12: 0.14064319 | D12: =IF(A12<=ROUNDUP(COUNTA($B$2:$B$97)*Método!$B$2,0),"SÍ","")
A13: 12 | B13: OMP_Critical/without_datarace/hello-atomic-no.ale | C13: 0.14227848 | D13: =IF(A13<=ROUNDUP(COUNTA($B$2:$B$97)*Método!$B$2,0),"SÍ","")
... A97: 96 | B97: OMP_Private/without_datarace/array-add-pfor-no.ale | C97: 0.99864858 | D97: =IF(A97<=ROUNDUP(COUNTA($B$2:$B$97)*Método!$B$2,0),"SÍ","")

Sheet SCTBench
A1: Posición | B1: Ejercicio | C1: Aleatorio [0,1) | D1: Revisar | E1: Revisado | F1: Notas
A2: 1 | B2: din_phil6_unsat-no.ale | C2: 0.0011081295 | D2: =IF(A2<=ROUNDUP(COUNTA($B$2:$B$49)*Método!$B$2,0),"SÍ","")
A3: 2 | B3: wronglock-yes.ale | C3: 0.022919155 | D3: =IF(A3<=ROUNDUP(COUNTA($B$2:$B$49)*Método!$B$2,0),"SÍ","")
A4: 3 | B4: din_phil3_sat-yes.ale | C4: 0.051538492 | D4: =IF(A4<=ROUNDUP(COUNTA($B$2:$B$49)*Método!$B$2,0),"SÍ","")
A5: 4 | B5: micro_unprotected_2-yes.ale | C5: 0.052188613 | D5: =IF(A5<=ROUNDUP(COUNTA($B$2:$B$49)*Método!$B$2,0),"SÍ","")
A6: 5 | B6: deadlock01_bad-no.ale | C6: 0.1032756 | D6: =IF(A6<=ROUNDUP(COUNTA($B$2:$B$49)*Método!$B$2,0),"SÍ","")
A7: 6 | B7: reorder_5-yes.ale | C7: 0.12287483 | D7: =IF(A7<=ROUNDUP(COUNTA($B$2:$B$49)*Método!$B$2,0),"SÍ","")
A8: 7 | B8: dpor_example1-no.ale | C8: 0.12687127 | D8: =IF(A8<=ROUNDUP(COUNTA($B$2:$B$49)*Método!$B$2,0),"SÍ","")
A9: 8 | B9: phase01_bad-no.ale | C9: 0.1325855 | D9: =IF(A9<=ROUNDUP(COUNTA($B$2:$B$49)*Método!$B$2,0),"SÍ","")
A10: 9 | B10: circular-buffer-flag-no.ale | C10: 0.17296678 | D10: =IF(A10<=ROUNDUP(COUNTA($B$2:$B$49)*Método!$B$2,0),"SÍ","")
A11: 10 | B11: din_phil2_sat-yes.ale | C11: 0.19630081 | D11: =IF(A11<=ROUNDUP(COUNTA($B$2:$B$49)*Método!$B$2,0),"SÍ","")
A12: 11 | B12: token_ring_bad-no.ale | C12: 0.19873308 | D12: =IF(A12<=ROUNDUP(COUNTA($B$2:$B$49)*Método!$B$2,0),"SÍ","")
A13: 12 | B13: reorder_10-yes.ale | C13: 0.20639278 | D13: =IF(A13<=ROUNDUP(COUNTA($B$2:$B$49)*Método!$B$2,0),"SÍ","")
... A49: 48 | B49: dpor_example3-yes.ale | C49: 0.99798803 | D49: =IF(A49<=ROUNDUP(COUNTA($B$2:$B$49)*Método!$B$2,0),"SÍ","")
